Flight_ID,Flight_Price
F45001,
F45002,
F45003,
F45004,
F45005,
F45006,
F45007,
F45008,
F45009,
F45010,
F45011,
F45012,
F45013,
F45014,
F45015,
F45016,
F45017,
F45018,
F45019,
F45020,
F45021,
F45022,
F45023,
F45024,
F45025,
F45026,
F45027,
F45028,
F45029,
F45030,
F45031,
F45032,
F45033,
F45034,
F45035,
F45036,
F45037,
F45038,
F45039,
F45040,
F45041,
F45042,
F45043,
F45044,
F45045,
F45046,
F45047,
F45048,
F45049,
F45050,
F45051,
F45052,
F45053,
F45054,
F45055,
F45056,
F45057,
F45058,
F45059,
F45060,
F45061,
F45062,
F45063,
F45064,
F45065,
F45066,
F45067,
F45068,
F45069,
F45070,
F45071,
F45072,
F45073,
F45074,
F45075,
F45076,
F45077,
F45078,
F45079,
F45080,
F45081,
F45082,
F45083,
F45084,
F45085,
F45086,
F45087,
F45088,
F45089,
F45090,
F45091,
F45092,
F45093,
F45094,
F45095,
F45096,
F45097,
F45098,
F45099,
F45100,
F45101,
F45102,
F45103,
F45104,
F45105,
F45106,
F45107,
F45108,
F45109,
F45110,
F45111,
F45112,
F45113,
F45114,
F45115,
F45116,
F45117,
F45118,
F45119,
F45120,
F45121,
F45122,
F45123,
F45124,
F45125,
F45126,
F45127,
F45128,
F45129,
F45130,
F45131,
F45132,
F45133,
F45134,
F45135,
F45136,
F45137,
F45138,
F45139,
F45140,
F45141,
F45142,
F45143,
F45144,
F45145,
F45146,
F45147,
F45148,
F45149,
F45150,
F45151,
F45152,
F45153,
F45154,
F45155,
F45156,
F45157,
F45158,
F45159,
F45160,
F45161,
F45162,
F45163,
F45164,
F45165,
F45166,
F45167,
F45168,
F45169,
F45170,
F45171,
F45172,
F45173,
F45174,
F45175,
F45176,
F45177,
F45178,
F45179,
F45180,
F45181,
F45182,
F45183,
F45184,
F45185,
F45186,
F45187,
F45188,
F45189,
F45190,
F45191,
F45192,
F45193,
F45194,
F45195,
F45196,
F45197,
F45198,
F45199,
F45200,
F45201,
F45202,
F45203,
F45204,
F45205,
F45206,
F45207,
F45208,
F45209,
F45210,
F45211,
F45212,
F45213,
F45214,
F45215,
F45216,
F45217,
F45218,
F45219,
F45220,
F45221,
F45222,
F45223,
F45224,
F45225,
F45226,
F45227,
F45228,
F45229,
F45230,
F45231,
F45232,
F45233,
F45234,
F45235,
F45236,
F45237,
F45238,
F45239,
F45240,
F45241,
F45242,
F45243,
F45244,
F45245,
F45246,
F45247,
F45248,
F45249,
F45250,
F45251,
F45252,
F45253,
F45254,
F45255,
F45256,
F45257,
F45258,
F45259,
F45260,
F45261,
F45262,
F45263,
F45264,
F45265,
F45266,
F45267,
F45268,
F45269,
F45270,
F45271,
F45272,
F45273,
F45274,
F45275,
F45276,
F45277,
F45278,
F45279,
F45280,
F45281,
F45282,
F45283,
F45284,
F45285,
F45286,
F45287,
F45288,
F45289,
F45290,
F45291,
F45292,
F45293,
F45294,
F45295,
F45296,
F45297,
F45298,
F45299,
F45300,
F45301,
F45302,
F45303,
F45304,
F45305,
F45306,
F45307,
F45308,
F45309,
F45310,
F45311,
F45312,
F45313,
F45314,
F45315,
F45316,
F45317,
F45318,
F45319,
F45320,
F45321,
F45322,
F45323,
F45324,
F45325,
F45326,
F45327,
F45328,
F45329,
F45330,
F45331,
F45332,
F45333,
F45334,
F45335,
F45336,
F45337,
F45338,
F45339,
F45340,
F45341,
F45342,
F45343,
F45344,
F45345,
F45346,
F45347,
F45348,
F45349,
F45350,
F45351,
F45352,
F45353,
F45354,
F45355,
F45356,
F45357,
F45358,
F45359,
F45360,
F45361,
F45362,
F45363,
F45364,
F45365,
F45366,
F45367,
F45368,
F45369,
F45370,
F45371,
F45372,
F45373,
F45374,
F45375,
F45376,
F45377,
F45378,
F45379,
F45380,
F45381,
F45382,
F45383,
F45384,
F45385,
F45386,
F45387,
F45388,
F45389,
F45390,
F45391,
F45392,
F45393,
F45394,
F45395,
F45396,
F45397,
F45398,
F45399,
F45400,
F45401,
F45402,
F45403,
F45404,
F45405,
F45406,
F45407,
F45408,
F45409,
F45410,
F45411,
F45412,
F45413,
F45414,
F45415,
F45416,
F45417,
F45418,
F45419,
F45420,
F45421,
F45422,
F45423,
F45424,
F45425,
F45426,
F45427,
F45428,
F45429,
F45430,
F45431,
F45432,
F45433,
F45434,
F45435,
F45436,
F45437,
F45438,
F45439,
F45440,
F45441,
F45442,
F45443,
F45444,
F45445,
F45446,
F45447,
F45448,
F45449,
F45450,
F45451,
F45452,
F45453,
F45454,
F45455,
F45456,
F45457,
F45458,
F45459,
F45460,
F45461,
F45462,
F45463,
F45464,
F45465,
F45466,
F45467,
F45468,
F45469,
F45470,
F45471,
F45472,
F45473,
F45474,
F45475,
F45476,
F45477,
F45478,
F45479,
F45480,
F45481,
F45482,
F45483,
F45484,
F45485,
F45486,
F45487,
F45488,
F45489,
F45490,
F45491,
F45492,
F45493,
F45494,
F45495,
F45496,
F45497,
F45498,
F45499,
F45500,
F45501,
F45502,
F45503,
F45504,
F45505,
F45506,
F45507,
F45508,
F45509,
F45510,
F45511,
F45512,
F45513,
F45514,
F45515,
F45516,
F45517,
F45518,
F45519,
F45520,
F45521,
F45522,
F45523,
F45524,
F45525,
F45526,
F45527,
F45528,
F45529,
F45530,
F45531,
F45532,
F45533,
F45534,
F45535,
F45536,
F45537,
F45538,
F45539,
F45540,
F45541,
F45542,
F45543,
F45544,
F45545,
F45546,
F45547,
F45548,
F45549,
F45550,
F45551,
F45552,
F45553,
F45554,
F45555,
F45556,
F45557,
F45558,
F45559,
F45560,
F45561,
F45562,
F45563,
F45564,
F45565,
F45566,
F45567,
F45568,
F45569,
F45570,
F45571,
F45572,
F45573,
F45574,
F45575,
F45576,
F45577,
F45578,
F45579,
F45580,
F45581,
F45582,
F45583,
F45584,
F45585,
F45586,
F45587,
F45588,
F45589,
F45590,
F45591,
F45592,
F45593,
F45594,
F45595,
F45596,
F45597,
F45598,
F45599,
F45600,
F45601,
F45602,
F45603,
F45604,
F45605,
F45606,
F45607,
F45608,
F45609,
F45610,
F45611,
F45612,
F45613,
F45614,
F45615,
F45616,
F45617,
F45618,
F45619,
F45620,
F45621,
F45622,
F45623,
F45624,
F45625,
F45626,
F45627,
F45628,
F45629,
F45630,
F45631,
F45632,
F45633,
F45634,
F45635,
F45636,
F45637,
F45638,
F45639,
F45640,
F45641,
F45642,
F45643,
F45644,
F45645,
F45646,
F45647,
F45648,
F45649,
F45650,
F45651,
F45652,
F45653,
F45654,
F45655,
F45656,
F45657,
F45658,
F45659,
F45660,
F45661,
F45662,
F45663,
F45664,
F45665,
F45666,
F45667,
F45668,
F45669,
F45670,
F45671,
F45672,
F45673,
F45674,
F45675,
F45676,
F45677,
F45678,
F45679,
F45680,
F45681,
F45682,
F45683,
F45684,
F45685,
F45686,
F45687,
F45688,
F45689,
F45690,
F45691,
F45692,
F45693,
F45694,
F45695,
F45696,
F45697,
F45698,
F45699,
F45700,
F45701,
F45702,
F45703,
F45704,
F45705,
F45706,
F45707,
F45708,
F45709,
F45710,
F45711,
F45712,
F45713,
F45714,
F45715,
F45716,
F45717,
F45718,
F45719,
F45720,
F45721,
F45722,
F45723,
F45724,
F45725,
F45726,
F45727,
F45728,
F45729,
F45730,
F45731,
F45732,
F45733,
F45734,
F45735,
F45736,
F45737,
F45738,
F45739,
F45740,
F45741,
F45742,
F45743,
F45744,
F45745,
F45746,
F45747,
F45748,
F45749,
F45750,
F45751,
F45752,
F45753,
F45754,
F45755,
F45756,
F45757,
F45758,
F45759,
F45760,
F45761,
F45762,
F45763,
F45764,
F45765,
F45766,
F45767,
F45768,
F45769,
F45770,
F45771,
F45772,
F45773,
F45774,
F45775,
F45776,
F45777,
F45778,
F45779,
F45780,
F45781,
F45782,
F45783,
F45784,
F45785,
F45786,
F45787,
F45788,
F45789,
F45790,
F45791,
F45792,
F45793,
F45794,
F45795,
F45796,
F45797,
F45798,
F45799,
F45800,
F45801,
F45802,
F45803,
F45804,
F45805,
F45806,
F45807,
F45808,
F45809,
F45810,
F45811,
F45812,
F45813,
F45814,
F45815,
F45816,
F45817,
F45818,
F45819,
F45820,
F45821,
F45822,
F45823,
F45824,
F45825,
F45826,
F45827,
F45828,
F45829,
F45830,
F45831,
F45832,
F45833,
F45834,
F45835,
F45836,
F45837,
F45838,
F45839,
F45840,
F45841,
F45842,
F45843,
F45844,
F45845,
F45846,
F45847,
F45848,
F45849,
F45850,
F45851,
F45852,
F45853,
F45854,
F45855,
F45856,
F45857,
F45858,
F45859,
F45860,
F45861,
F45862,
F45863,
F45864,
F45865,
F45866,
F45867,
F45868,
F45869,
F45870,
F45871,
F45872,
F45873,
F45874,
F45875,
F45876,
F45877,
F45878,
F45879,
F45880,
F45881,
F45882,
F45883,
F45884,
F45885,
F45886,
F45887,
F45888,
F45889,
F45890,
F45891,
F45892,
F45893,
F45894,
F45895,
F45896,
F45897,
F45898,
F45899,
F45900,
F45901,
F45902,
F45903,
F45904,
F45905,
F45906,
F45907,
F45908,
F45909,
F45910,
F45911,
F45912,
F45913,
F45914,
F45915,
F45916,
F45917,
F45918,
F45919,
F45920,
F45921,
F45922,
F45923,
F45924,
F45925,
F45926,
F45927,
F45928,
F45929,
F45930,
F45931,
F45932,
F45933,
F45934,
F45935,
F45936,
F45937,
F45938,
F45939,
F45940,
F45941,
F45942,
F45943,
F45944,
F45945,
F45946,
F45947,
F45948,
F45949,
F45950,
F45951,
F45952,
F45953,
F45954,
F45955,
F45956,
F45957,
F45958,
F45959,
F45960,
F45961,
F45962,
F45963,
F45964,
F45965,
F45966,
F45967,
F45968,
F45969,
F45970,
F45971,
F45972,
F45973,
F45974,
F45975,
F45976,
F45977,
F45978,
F45979,
F45980,
F45981,
F45982,
F45983,
F45984,
F45985,
F45986,
F45987,
F45988,
F45989,
F45990,
F45991,
F45992,
F45993,
F45994,
F45995,
F45996,
F45997,
F45998,
F45999,
F46000,
F46001,
F46002,
F46003,
F46004,
F46005,
F46006,
F46007,
F46008,
F46009,
F46010,
F46011,
F46012,
F46013,
F46014,
F46015,
F46016,
F46017,
F46018,
F46019,
F46020,
F46021,
F46022,
F46023,
F46024,
F46025,
F46026,
F46027,
F46028,
F46029,
F46030,
F46031,
F46032,
F46033,
F46034,
F46035,
F46036,
F46037,
F46038,
F46039,
F46040,
F46041,
F46042,
F46043,
F46044,
F46045,
F46046,
F46047,
F46048,
F46049,
F46050,
F46051,
F46052,
F46053,
F46054,
F46055,
F46056,
F46057,
F46058,
F46059,
F46060,
F46061,
F46062,
F46063,
F46064,
F46065,
F46066,
F46067,
F46068,
F46069,
F46070,
F46071,
F46072,
F46073,
F46074,
F46075,
F46076,
F46077,
F46078,
F46079,
F46080,
F46081,
F46082,
F46083,
F46084,
F46085,
F46086,
F46087,
F46088,
F46089,
F46090,
F46091,
F46092,
F46093,
F46094,
F46095,
F46096,
F46097,
F46098,
F46099,
F46100,
F46101,
F46102,
F46103,
F46104,
F46105,
F46106,
F46107,
F46108,
F46109,
F46110,
F46111,
F46112,
F46113,
F46114,
F46115,
F46116,
F46117,
F46118,
F46119,
F46120,
F46121,
F46122,
F46123,
F46124,
F46125,
F46126,
F46127,
F46128,
F46129,
F46130,
F46131,
F46132,
F46133,
F46134,
F46135,
F46136,
F46137,
F46138,
F46139,
F46140,
F46141,
F46142,
F46143,
F46144,
F46145,
F46146,
F46147,
F46148,
F46149,
F46150,
F46151,
F46152,
F46153,
F46154,
F46155,
F46156,
F46157,
F46158,
F46159,
F46160,
F46161,
F46162,
F46163,
F46164,
F46165,
F46166,
F46167,
F46168,
F46169,
F46170,
F46171,
F46172,
F46173,
F46174,
F46175,
F46176,
F46177,
F46178,
F46179,
F46180,
F46181,
F46182,
F46183,
F46184,
F46185,
F46186,
F46187,
F46188,
F46189,
F46190,
F46191,
F46192,
F46193,
F46194,
F46195,
F46196,
F46197,
F46198,
F46199,
F46200,
F46201,
F46202,
F46203,
F46204,
F46205,
F46206,
F46207,
F46208,
F46209,
F46210,
F46211,
F46212,
F46213,
F46214,
F46215,
F46216,
F46217,
F46218,
F46219,
F46220,
F46221,
F46222,
F46223,
F46224,
F46225,
F46226,
F46227,
F46228,
F46229,
F46230,
F46231,
F46232,
F46233,
F46234,
F46235,
F46236,
F46237,
F46238,
F46239,
F46240,
F46241,
F46242,
F46243,
F46244,
F46245,
F46246,
F46247,
F46248,
F46249,
F46250,
F46251,
F46252,
F46253,
F46254,
F46255,
F46256,
F46257,
F46258,
F46259,
F46260,
F46261,
F46262,
F46263,
F46264,
F46265,
F46266,
F46267,
F46268,
F46269,
F46270,
F46271,
F46272,
F46273,
F46274,
F46275,
F46276,
F46277,
F46278,
F46279,
F46280,
F46281,
F46282,
F46283,
F46284,
F46285,
F46286,
F46287,
F46288,
F46289,
F46290,
F46291,
F46292,
F46293,
F46294,
F46295,
F46296,
F46297,
F46298,
F46299,
F46300,
F46301,
F46302,
F46303,
F46304,
F46305,
F46306,
F46307,
F46308,
F46309,
F46310,
F46311,
F46312,
F46313,
F46314,
F46315,
F46316,
F46317,
F46318,
F46319,
F46320,
F46321,
F46322,
F46323,
F46324,
F46325,
F46326,
F46327,
F46328,
F46329,
F46330,
F46331,
F46332,
F46333,
F46334,
F46335,
F46336,
F46337,
F46338,
F46339,
F46340,
F46341,
F46342,
F46343,
F46344,
F46345,
F46346,
F46347,
F46348,
F46349,
F46350,
F46351,
F46352,
F46353,
F46354,
F46355,
F46356,
F46357,
F46358,
F46359,
F46360,
F46361,
F46362,
F46363,
F46364,
F46365,
F46366,
F46367,
F46368,
F46369,
F46370,
F46371,
F46372,
F46373,
F46374,
F46375,
F46376,
F46377,
F46378,
F46379,
F46380,
F46381,
F46382,
F46383,
F46384,
F46385,
F46386,
F46387,
F46388,
F46389,
F46390,
F46391,
F46392,
F46393,
F46394,
F46395,
F46396,
F46397,
F46398,
F46399,
F46400,
F46401,
F46402,
F46403,
F46404,
F46405,
F46406,
F46407,
F46408,
F46409,
F46410,
F46411,
F46412,
F46413,
F46414,
F46415,
F46416,
F46417,
F46418,
F46419,
F46420,
F46421,
F46422,
F46423,
F46424,
F46425,
F46426,
F46427,
F46428,
F46429,
F46430,
F46431,
F46432,
F46433,
F46434,
F46435,
F46436,
F46437,
F46438,
F46439,
F46440,
F46441,
F46442,
F46443,
F46444,
F46445,
F46446,
F46447,
F46448,
F46449,
F46450,
F46451,
F46452,
F46453,
F46454,
F46455,
F46456,
F46457,
F46458,
F46459,
F46460,
F46461,
F46462,
F46463,
F46464,
F46465,
F46466,
F46467,
F46468,
F46469,
F46470,
F46471,
F46472,
F46473,
F46474,
F46475,
F46476,
F46477,
F46478,
F46479,
F46480,
F46481,
F46482,
F46483,
F46484,
F46485,
F46486,
F46487,
F46488,
F46489,
F46490,
F46491,
F46492,
F46493,
F46494,
F46495,
F46496,
F46497,
F46498,
F46499,
F46500,
F46501,
F46502,
F46503,
F46504,
F46505,
F46506,
F46507,
F46508,
F46509,
F46510,
F46511,
F46512,
F46513,
F46514,
F46515,
F46516,
F46517,
F46518,
F46519,
F46520,
F46521,
F46522,
F46523,
F46524,
F46525,
F46526,
F46527,
F46528,
F46529,
F46530,
F46531,
F46532,
F46533,
F46534,
F46535,
F46536,
F46537,
F46538,
F46539,
F46540,
F46541,
F46542,
F46543,
F46544,
F46545,
F46546,
F46547,
F46548,
F46549,
F46550,
F46551,
F46552,
F46553,
F46554,
F46555,
F46556,
F46557,
F46558,
F46559,
F46560,
F46561,
F46562,
F46563,
F46564,
F46565,
F46566,
F46567,
F46568,
F46569,
F46570,
F46571,
F46572,
F46573,
F46574,
F46575,
F46576,
F46577,
F46578,
F46579,
F46580,
F46581,
F46582,
F46583,
F46584,
F46585,
F46586,
F46587,
F46588,
F46589,
F46590,
F46591,
F46592,
F46593,
F46594,
F46595,
F46596,
F46597,
F46598,
F46599,
F46600,
F46601,
F46602,
F46603,
F46604,
F46605,
F46606,
F46607,
F46608,
F46609,
F46610,
F46611,
F46612,
F46613,
F46614,
F46615,
F46616,
F46617,
F46618,
F46619,
F46620,
F46621,
F46622,
F46623,
F46624,
F46625,
F46626,
F46627,
F46628,
F46629,
F46630,
F46631,
F46632,
F46633,
F46634,
F46635,
F46636,
F46637,
F46638,
F46639,
F46640,
F46641,
F46642,
F46643,
F46644,
F46645,
F46646,
F46647,
F46648,
F46649,
F46650,
F46651,
F46652,
F46653,
F46654,
F46655,
F46656,
F46657,
F46658,
F46659,
F46660,
F46661,
F46662,
F46663,
F46664,
F46665,
F46666,
F46667,
F46668,
F46669,
F46670,
F46671,
F46672,
F46673,
F46674,
F46675,
F46676,
F46677,
F46678,
F46679,
F46680,
F46681,
F46682,
F46683,
F46684,
F46685,
F46686,
F46687,
F46688,
F46689,
F46690,
F46691,
F46692,
F46693,
F46694,
F46695,
F46696,
F46697,
F46698,
F46699,
F46700,
F46701,
F46702,
F46703,
F46704,
F46705,
F46706,
F46707,
F46708,
F46709,
F46710,
F46711,
F46712,
F46713,
F46714,
F46715,
F46716,
F46717,
F46718,
F46719,
F46720,
F46721,
F46722,
F46723,
F46724,
F46725,
F46726,
F46727,
F46728,
F46729,
F46730,
F46731,
F46732,
F46733,
F46734,
F46735,
F46736,
F46737,
F46738,
F46739,
F46740,
F46741,
F46742,
F46743,
F46744,
F46745,
F46746,
F46747,
F46748,
F46749,
F46750,
F46751,
F46752,
F46753,
F46754,
F46755,
F46756,
F46757,
F46758,
F46759,
F46760,
F46761,
F46762,
F46763,
F46764,
F46765,
F46766,
F46767,
F46768,
F46769,
F46770,
F46771,
F46772,
F46773,
F46774,
F46775,
F46776,
F46777,
F46778,
F46779,
F46780,
F46781,
F46782,
F46783,
F46784,
F46785,
F46786,
F46787,
F46788,
F46789,
F46790,
F46791,
F46792,
F46793,
F46794,
F46795,
F46796,
F46797,
F46798,
F46799,
F46800,
F46801,
F46802,
F46803,
F46804,
F46805,
F46806,
F46807,
F46808,
F46809,
F46810,
F46811,
F46812,
F46813,
F46814,
F46815,
F46816,
F46817,
F46818,
F46819,
F46820,
F46821,
F46822,
F46823,
F46824,
F46825,
F46826,
F46827,
F46828,
F46829,
F46830,
F46831,
F46832,
F46833,
F46834,
F46835,
F46836,
F46837,
F46838,
F46839,
F46840,
F46841,
F46842,
F46843,
F46844,
F46845,
F46846,
F46847,
F46848,
F46849,
F46850,
F46851,
F46852,
F46853,
F46854,
F46855,
F46856,
F46857,
F46858,
F46859,
F46860,
F46861,
F46862,
F46863,
F46864,
F46865,
F46866,
F46867,
F46868,
F46869,
F46870,
F46871,
F46872,
F46873,
F46874,
F46875,
F46876,
F46877,
F46878,
F46879,
F46880,
F46881,
F46882,
F46883,
F46884,
F46885,
F46886,
F46887,
F46888,
F46889,
F46890,
F46891,
F46892,
F46893,
F46894,
F46895,
F46896,
F46897,
F46898,
F46899,
F46900,
F46901,
F46902,
F46903,
F46904,
F46905,
F46906,
F46907,
F46908,
F46909,
F46910,
F46911,
F46912,
F46913,
F46914,
F46915,
F46916,
F46917,
F46918,
F46919,
F46920,
F46921,
F46922,
F46923,
F46924,
F46925,
F46926,
F46927,
F46928,
F46929,
F46930,
F46931,
F46932,
F46933,
F46934,
F46935,
F46936,
F46937,
F46938,
F46939,
F46940,
F46941,
F46942,
F46943,
F46944,
F46945,
F46946,
F46947,
F46948,
F46949,
F46950,
F46951,
F46952,
F46953,
F46954,
F46955,
F46956,
F46957,
F46958,
F46959,
F46960,
F46961,
F46962,
F46963,
F46964,
F46965,
F46966,
F46967,
F46968,
F46969,
F46970,
F46971,
F46972,
F46973,
F46974,
F46975,
F46976,
F46977,
F46978,
F46979,
F46980,
F46981,
F46982,
F46983,
F46984,
F46985,
F46986,
F46987,
F46988,
F46989,
F46990,
F46991,
F46992,
F46993,
F46994,
F46995,
F46996,
F46997,
F46998,
F46999,
F47000,
F47001,
F47002,
F47003,
F47004,
F47005,
F47006,
F47007,
F47008,
F47009,
F47010,
F47011,
F47012,
F47013,
F47014,
F47015,
F47016,
F47017,
F47018,
F47019,
F47020,
F47021,
F47022,
F47023,
F47024,
F47025,
F47026,
F47027,
F47028,
F47029,
F47030,
F47031,
F47032,
F47033,
F47034,
F47035,
F47036,
F47037,
F47038,
F47039,
F47040,
F47041,
F47042,
F47043,
F47044,
F47045,
F47046,
F47047,
F47048,
F47049,
F47050,
F47051,
F47052,
F47053,
F47054,
F47055,
F47056,
F47057,
F47058,
F47059,
F47060,
F47061,
F47062,
F47063,
F47064,
F47065,
F47066,
F47067,
F47068,
F47069,
F47070,
F47071,
F47072,
F47073,
F47074,
F47075,
F47076,
F47077,
F47078,
F47079,
F47080,
F47081,
F47082,
F47083,
F47084,
F47085,
F47086,
F47087,
F47088,
F47089,
F47090,
F47091,
F47092,
F47093,
F47094,
F47095,
F47096,
F47097,
F47098,
F47099,
F47100,
F47101,
F47102,
F47103,
F47104,
F47105,
F47106,
F47107,
F47108,
F47109,
F47110,
F47111,
F47112,
F47113,
F47114,
F47115,
F47116,
F47117,
F47118,
F47119,
F47120,
F47121,
F47122,
F47123,
F47124,
F47125,
F47126,
F47127,
F47128,
F47129,
F47130,
F47131,
F47132,
F47133,
F47134,
F47135,
F47136,
F47137,
F47138,
F47139,
F47140,
F47141,
F47142,
F47143,
F47144,
F47145,
F47146,
F47147,
F47148,
F47149,
F47150,
F47151,
F47152,
F47153,
F47154,
F47155,
F47156,
F47157,
F47158,
F47159,
F47160,
F47161,
F47162,
F47163,
F47164,
F47165,
F47166,
F47167,
F47168,
F47169,
F47170,
F47171,
F47172,
F47173,
F47174,
F47175,
F47176,
F47177,
F47178,
F47179,
F47180,
F47181,
F47182,
F47183,
F47184,
F47185,
F47186,
F47187,
F47188,
F47189,
F47190,
F47191,
F47192,
F47193,
F47194,
F47195,
F47196,
F47197,
F47198,
F47199,
F47200,
F47201,
F47202,
F47203,
F47204,
F47205,
F47206,
F47207,
F47208,
F47209,
F47210,
F47211,
F47212,
F47213,
F47214,
F47215,
F47216,
F47217,
F47218,
F47219,
F47220,
F47221,
F47222,
F47223,
F47224,
F47225,
F47226,
F47227,
F47228,
F47229,
F47230,
F47231,
F47232,
F47233,
F47234,
F47235,
F47236,
F47237,
F47238,
F47239,
F47240,
F47241,
F47242,
F47243,
F47244,
F47245,
F47246,
F47247,
F47248,
F47249,
F47250,
F47251,
F47252,
F47253,
F47254,
F47255,
F47256,
F47257,
F47258,
F47259,
F47260,
F47261,
F47262,
F47263,
F47264,
F47265,
F47266,
F47267,
F47268,
F47269,
F47270,
F47271,
F47272,
F47273,
F47274,
F47275,
F47276,
F47277,
F47278,
F47279,
F47280,
F47281,
F47282,
F47283,
F47284,
F47285,
F47286,
F47287,
F47288,
F47289,
F47290,
F47291,
F47292,
F47293,
F47294,
F47295,
F47296,
F47297,
F47298,
F47299,
F47300,
F47301,
F47302,
F47303,
F47304,
F47305,
F47306,
F47307,
F47308,
F47309,
F47310,
F47311,
F47312,
F47313,
F47314,
F47315,
F47316,
F47317,
F47318,
F47319,
F47320,
F47321,
F47322,
F47323,
F47324,
F47325,
F47326,
F47327,
F47328,
F47329,
F47330,
F47331,
F47332,
F47333,
F47334,
F47335,
F47336,
F47337,
F47338,
F47339,
F47340,
F47341,
F47342,
F47343,
F47344,
F47345,
F47346,
F47347,
F47348,
F47349,
F47350,
F47351,
F47352,
F47353,
F47354,
F47355,
F47356,
F47357,
F47358,
F47359,
F47360,
F47361,
F47362,
F47363,
F47364,
F47365,
F47366,
F47367,
F47368,
F47369,
F47370,
F47371,
F47372,
F47373,
F47374,
F47375,
F47376,
F47377,
F47378,
F47379,
F47380,
F47381,
F47382,
F47383,
F47384,
F47385,
F47386,
F47387,
F47388,
F47389,
F47390,
F47391,
F47392,
F47393,
F47394,
F47395,
F47396,
F47397,
F47398,
F47399,
F47400,
F47401,
F47402,
F47403,
F47404,
F47405,
F47406,
F47407,
F47408,
F47409,
F47410,
F47411,
F47412,
F47413,
F47414,
F47415,
F47416,
F47417,
F47418,
F47419,
F47420,
F47421,
F47422,
F47423,
F47424,
F47425,
F47426,
F47427,
F47428,
F47429,
F47430,
F47431,
F47432,
F47433,
F47434,
F47435,
F47436,
F47437,
F47438,
F47439,
F47440,
F47441,
F47442,
F47443,
F47444,
F47445,
F47446,
F47447,
F47448,
F47449,
F47450,
F47451,
F47452,
F47453,
F47454,
F47455,
F47456,
F47457,
F47458,
F47459,
F47460,
F47461,
F47462,
F47463,
F47464,
F47465,
F47466,
F47467,
F47468,
F47469,
F47470,
F47471,
F47472,
F47473,
F47474,
F47475,
F47476,
F47477,
F47478,
F47479,
F47480,
F47481,
F47482,
F47483,
F47484,
F47485,
F47486,
F47487,
F47488,
F47489,
F47490,
F47491,
F47492,
F47493,
F47494,
F47495,
F47496,
F47497,
F47498,
F47499,
F47500,
F47501,
F47502,
F47503,
F47504,
F47505,
F47506,
F47507,
F47508,
F47509,
F47510,
F47511,
F47512,
F47513,
F47514,
F47515,
F47516,
F47517,
F47518,
F47519,
F47520,
F47521,
F47522,
F47523,
F47524,
F47525,
F47526,
F47527,
F47528,
F47529,
F47530,
F47531,
F47532,
F47533,
F47534,
F47535,
F47536,
F47537,
F47538,
F47539,
F47540,
F47541,
F47542,
F47543,
F47544,
F47545,
F47546,
F47547,
F47548,
F47549,
F47550,
F47551,
F47552,
F47553,
F47554,
F47555,
F47556,
F47557,
F47558,
F47559,
F47560,
F47561,
F47562,
F47563,
F47564,
F47565,
F47566,
F47567,
F47568,
F47569,
F47570,
F47571,
F47572,
F47573,
F47574,
F47575,
F47576,
F47577,
F47578,
F47579,
F47580,
F47581,
F47582,
F47583,
F47584,
F47585,
F47586,
F47587,
F47588,
F47589,
F47590,
F47591,
F47592,
F47593,
F47594,
F47595,
F47596,
F47597,
F47598,
F47599,
F47600,
F47601,
F47602,
F47603,
F47604,
F47605,
F47606,
F47607,
F47608,
F47609,
F47610,
F47611,
F47612,
F47613,
F47614,
F47615,
F47616,
F47617,
F47618,
F47619,
F47620,
F47621,
F47622,
F47623,
F47624,
F47625,
F47626,
F47627,
F47628,
F47629,
F47630,
F47631,
F47632,
F47633,
F47634,
F47635,
F47636,
F47637,
F47638,
F47639,
F47640,
F47641,
F47642,
F47643,
F47644,
F47645,
F47646,
F47647,
F47648,
F47649,
F47650,
F47651,
F47652,
F47653,
F47654,
F47655,
F47656,
F47657,
F47658,
F47659,
F47660,
F47661,
F47662,
F47663,
F47664,
F47665,
F47666,
F47667,
F47668,
F47669,
F47670,
F47671,
F47672,
F47673,
F47674,
F47675,
F47676,
F47677,
F47678,
F47679,
F47680,
F47681,
F47682,
F47683,
F47684,
F47685,
F47686,
F47687,
F47688,
F47689,
F47690,
F47691,
F47692,
F47693,
F47694,
F47695,
F47696,
F47697,
F47698,
F47699,
F47700,
F47701,
F47702,
F47703,
F47704,
F47705,
F47706,
F47707,
F47708,
F47709,
F47710,
F47711,
F47712,
F47713,
F47714,
F47715,
F47716,
F47717,
F47718,
F47719,
F47720,
F47721,
F47722,
F47723,
F47724,
F47725,
F47726,
F47727,
F47728,
F47729,
F47730,
F47731,
F47732,
F47733,
F47734,
F47735,
F47736,
F47737,
F47738,
F47739,
F47740,
F47741,
F47742,
F47743,
F47744,
F47745,
F47746,
F47747,
F47748,
F47749,
F47750,
F47751,
F47752,
F47753,
F47754,
F47755,
F47756,
F47757,
F47758,
F47759,
F47760,
F47761,
F47762,
F47763,
F47764,
F47765,
F47766,
F47767,
F47768,
F47769,
F47770,
F47771,
F47772,
F47773,
F47774,
F47775,
F47776,
F47777,
F47778,
F47779,
F47780,
F47781,
F47782,
F47783,
F47784,
F47785,
F47786,
F47787,
F47788,
F47789,
F47790,
F47791,
F47792,
F47793,
F47794,
F47795,
F47796,
F47797,
F47798,
F47799,
F47800,
F47801,
F47802,
F47803,
F47804,
F47805,
F47806,
F47807,
F47808,
F47809,
F47810,
F47811,
F47812,
F47813,
F47814,
F47815,
F47816,
F47817,
F47818,
F47819,
F47820,
F47821,
F47822,
F47823,
F47824,
F47825,
F47826,
F47827,
F47828,
F47829,
F47830,
F47831,
F47832,
F47833,
F47834,
F47835,
F47836,
F47837,
F47838,
F47839,
F47840,
F47841,
F47842,
F47843,
F47844,
F47845,
F47846,
F47847,
F47848,
F47849,
F47850,
F47851,
F47852,
F47853,
F47854,
F47855,
F47856,
F47857,
F47858,
F47859,
F47860,
F47861,
F47862,
F47863,
F47864,
F47865,
F47866,
F47867,
F47868,
F47869,
F47870,
F47871,
F47872,
F47873,
F47874,
F47875,
F47876,
F47877,
F47878,
F47879,
F47880,
F47881,
F47882,
F47883,
F47884,
F47885,
F47886,
F47887,
F47888,
F47889,
F47890,
F47891,
F47892,
F47893,
F47894,
F47895,
F47896,
F47897,
F47898,
F47899,
F47900,
F47901,
F47902,
F47903,
F47904,
F47905,
F47906,
F47907,
F47908,
F47909,
F47910,
F47911,
F47912,
F47913,
F47914,
F47915,
F47916,
F47917,
F47918,
F47919,
F47920,
F47921,
F47922,
F47923,
F47924,
F47925,
F47926,
F47927,
F47928,
F47929,
F47930,
F47931,
F47932,
F47933,
F47934,
F47935,
F47936,
F47937,
F47938,
F47939,
F47940,
F47941,
F47942,
F47943,
F47944,
F47945,
F47946,
F47947,
F47948,
F47949,
F47950,
F47951,
F47952,
F47953,
F47954,
F47955,
F47956,
F47957,
F47958,
F47959,
F47960,
F47961,
F47962,
F47963,
F47964,
F47965,
F47966,
F47967,
F47968,
F47969,
F47970,
F47971,
F47972,
F47973,
F47974,
F47975,
F47976,
F47977,
F47978,
F47979,
F47980,
F47981,
F47982,
F47983,
F47984,
F47985,
F47986,
F47987,
F47988,
F47989,
F47990,
F47991,
F47992,
F47993,
F47994,
F47995,
F47996,
F47997,
F47998,
F47999,
F48000,
F48001,
F48002,
F48003,
F48004,
F48005,
F48006,
F48007,
F48008,
F48009,
F48010,
F48011,
F48012,
F48013,
F48014,
F48015,
F48016,
F48017,
F48018,
F48019,
F48020,
F48021,
F48022,
F48023,
F48024,
F48025,
F48026,
F48027,
F48028,
F48029,
F48030,
F48031,
F48032,
F48033,
F48034,
F48035,
F48036,
F48037,
F48038,
F48039,
F48040,
F48041,
F48042,
F48043,
F48044,
F48045,
F48046,
F48047,
F48048,
F48049,
F48050,
F48051,
F48052,
F48053,
F48054,
F48055,
F48056,
F48057,
F48058,
F48059,
F48060,
F48061,
F48062,
F48063,
F48064,
F48065,
F48066,
F48067,
F48068,
F48069,
F48070,
F48071,
F48072,
F48073,
F48074,
F48075,
F48076,
F48077,
F48078,
F48079,
F48080,
F48081,
F48082,
F48083,
F48084,
F48085,
F48086,
F48087,
F48088,
F48089,
F48090,
F48091,
F48092,
F48093,
F48094,
F48095,
F48096,
F48097,
F48098,
F48099,
F48100,
F48101,
F48102,
F48103,
F48104,
F48105,
F48106,
F48107,
F48108,
F48109,
F48110,
F48111,
F48112,
F48113,
F48114,
F48115,
F48116,
F48117,
F48118,
F48119,
F48120,
F48121,
F48122,
F48123,
F48124,
F48125,
F48126,
F48127,
F48128,
F48129,
F48130,
F48131,
F48132,
F48133,
F48134,
F48135,
F48136,
F48137,
F48138,
F48139,
F48140,
F48141,
F48142,
F48143,
F48144,
F48145,
F48146,
F48147,
F48148,
F48149,
F48150,
F48151,
F48152,
F48153,
F48154,
F48155,
F48156,
F48157,
F48158,
F48159,
F48160,
F48161,
F48162,
F48163,
F48164,
F48165,
F48166,
F48167,
F48168,
F48169,
F48170,
F48171,
F48172,
F48173,
F48174,
F48175,
F48176,
F48177,
F48178,
F48179,
F48180,
F48181,
F48182,
F48183,
F48184,
F48185,
F48186,
F48187,
F48188,
F48189,
F48190,
F48191,
F48192,
F48193,
F48194,
F48195,
F48196,
F48197,
F48198,
F48199,
F48200,
F48201,
F48202,
F48203,
F48204,
F48205,
F48206,
F48207,
F48208,
F48209,
F48210,
F48211,
F48212,
F48213,
F48214,
F48215,
F48216,
F48217,
F48218,
F48219,
F48220,
F48221,
F48222,
F48223,
F48224,
F48225,
F48226,
F48227,
F48228,
F48229,
F48230,
F48231,
F48232,
F48233,
F48234,
F48235,
F48236,
F48237,
F48238,
F48239,
F48240,
F48241,
F48242,
F48243,
F48244,
F48245,
F48246,
F48247,
F48248,
F48249,
F48250,
F48251,
F48252,
F48253,
F48254,
F48255,
F48256,
F48257,
F48258,
F48259,
F48260,
F48261,
F48262,
F48263,
F48264,
F48265,
F48266,
F48267,
F48268,
F48269,
F48270,
F48271,
F48272,
F48273,
F48274,
F48275,
F48276,
F48277,
F48278,
F48279,
F48280,
F48281,
F48282,
F48283,
F48284,
F48285,
F48286,
F48287,
F48288,
F48289,
F48290,
F48291,
F48292,
F48293,
F48294,
F48295,
F48296,
F48297,
F48298,
F48299,
F48300,
F48301,
F48302,
F48303,
F48304,
F48305,
F48306,
F48307,
F48308,
F48309,
F48310,
F48311,
F48312,
F48313,
F48314,
F48315,
F48316,
F48317,
F48318,
F48319,
F48320,
F48321,
F48322,
F48323,
F48324,
F48325,
F48326,
F48327,
F48328,
F48329,
F48330,
F48331,
F48332,
F48333,
F48334,
F48335,
F48336,
F48337,
F48338,
F48339,
F48340,
F48341,
F48342,
F48343,
F48344,
F48345,
F48346,
F48347,
F48348,
F48349,
F48350,
F48351,
F48352,
F48353,
F48354,
F48355,
F48356,
F48357,
F48358,
F48359,
F48360,
F48361,
F48362,
F48363,
F48364,
F48365,
F48366,
F48367,
F48368,
F48369,
F48370,
F48371,
F48372,
F48373,
F48374,
F48375,
F48376,
F48377,
F48378,
F48379,
F48380,
F48381,
F48382,
F48383,
F48384,
F48385,
F48386,
F48387,
F48388,
F48389,
F48390,
F48391,
F48392,
F48393,
F48394,
F48395,
F48396,
F48397,
F48398,
F48399,
F48400,
F48401,
F48402,
F48403,
F48404,
F48405,
F48406,
F48407,
F48408,
F48409,
F48410,
F48411,
F48412,
F48413,
F48414,
F48415,
F48416,
F48417,
F48418,
F48419,
F48420,
F48421,
F48422,
F48423,
F48424,
F48425,
F48426,
F48427,
F48428,
F48429,
F48430,
F48431,
F48432,
F48433,
F48434,
F48435,
F48436,
F48437,
F48438,
F48439,
F48440,
F48441,
F48442,
F48443,
F48444,
F48445,
F48446,
F48447,
F48448,
F48449,
F48450,
F48451,
F48452,
F48453,
F48454,
F48455,
F48456,
F48457,
F48458,
F48459,
F48460,
F48461,
F48462,
F48463,
F48464,
F48465,
F48466,
F48467,
F48468,
F48469,
F48470,
F48471,
F48472,
F48473,
F48474,
F48475,
F48476,
F48477,
F48478,
F48479,
F48480,
F48481,
F48482,
F48483,
F48484,
F48485,
F48486,
F48487,
F48488,
F48489,
F48490,
F48491,
F48492,
F48493,
F48494,
F48495,
F48496,
F48497,
F48498,
F48499,
F48500,
F48501,
F48502,
F48503,
F48504,
F48505,
F48506,
F48507,
F48508,
F48509,
F48510,
F48511,
F48512,
F48513,
F48514,
F48515,
F48516,
F48517,
F48518,
F48519,
F48520,
F48521,
F48522,
F48523,
F48524,
F48525,
F48526,
F48527,
F48528,
F48529,
F48530,
F48531,
F48532,
F48533,
F48534,
F48535,
F48536,
F48537,
F48538,
F48539,
F48540,
F48541,
F48542,
F48543,
F48544,
F48545,
F48546,
F48547,
F48548,
F48549,
F48550,
F48551,
F48552,
F48553,
F48554,
F48555,
F48556,
F48557,
F48558,
F48559,
F48560,
F48561,
F48562,
F48563,
F48564,
F48565,
F48566,
F48567,
F48568,
F48569,
F48570,
F48571,
F48572,
F48573,
F48574,
F48575,
F48576,
F48577,
F48578,
F48579,
F48580,
F48581,
F48582,
F48583,
F48584,
F48585,
F48586,
F48587,
F48588,
F48589,
F48590,
F48591,
F48592,
F48593,
F48594,
F48595,
F48596,
F48597,
F48598,
F48599,
F48600,
F48601,
F48602,
F48603,
F48604,
F48605,
F48606,
F48607,
F48608,
F48609,
F48610,
F48611,
F48612,
F48613,
F48614,
F48615,
F48616,
F48617,
F48618,
F48619,
F48620,
F48621,
F48622,
F48623,
F48624,
F48625,
F48626,
F48627,
F48628,
F48629,
F48630,
F48631,
F48632,
F48633,
F48634,
F48635,
F48636,
F48637,
F48638,
F48639,
F48640,
F48641,
F48642,
F48643,
F48644,
F48645,
F48646,
F48647,
F48648,
F48649,
F48650,
F48651,
F48652,
F48653,
F48654,
F48655,
F48656,
F48657,
F48658,
F48659,
F48660,
F48661,
F48662,
F48663,
F48664,
F48665,
F48666,
F48667,
F48668,
F48669,
F48670,
F48671,
F48672,
F48673,
F48674,
F48675,
F48676,
F48677,
F48678,
F48679,
F48680,
F48681,
F48682,
F48683,
F48684,
F48685,
F48686,
F48687,
F48688,
F48689,
F48690,
F48691,
F48692,
F48693,
F48694,
F48695,
F48696,
F48697,
F48698,
F48699,
F48700,
F48701,
F48702,
F48703,
F48704,
F48705,
F48706,
F48707,
F48708,
F48709,
F48710,
F48711,
F48712,
F48713,
F48714,
F48715,
F48716,
F48717,
F48718,
F48719,
F48720,
F48721,
F48722,
F48723,
F48724,
F48725,
F48726,
F48727,
F48728,
F48729,
F48730,
F48731,
F48732,
F48733,
F48734,
F48735,
F48736,
F48737,
F48738,
F48739,
F48740,
F48741,
F48742,
F48743,
F48744,
F48745,
F48746,
F48747,
F48748,
F48749,
F48750,
F48751,
F48752,
F48753,
F48754,
F48755,
F48756,
F48757,
F48758,
F48759,
F48760,
F48761,
F48762,
F48763,
F48764,
F48765,
F48766,
F48767,
F48768,
F48769,
F48770,
F48771,
F48772,
F48773,
F48774,
F48775,
F48776,
F48777,
F48778,
F48779,
F48780,
F48781,
F48782,
F48783,
F48784,
F48785,
F48786,
F48787,
F48788,
F48789,
F48790,
F48791,
F48792,
F48793,
F48794,
F48795,
F48796,
F48797,
F48798,
F48799,
F48800,
F48801,
F48802,
F48803,
F48804,
F48805,
F48806,
F48807,
F48808,
F48809,
F48810,
F48811,
F48812,
F48813,
F48814,
F48815,
F48816,
F48817,
F48818,
F48819,
F48820,
F48821,
F48822,
F48823,
F48824,
F48825,
F48826,
F48827,
F48828,
F48829,
F48830,
F48831,
F48832,
F48833,
F48834,
F48835,
F48836,
F48837,
F48838,
F48839,
F48840,
F48841,
F48842,
F48843,
F48844,
F48845,
F48846,
F48847,
F48848,
F48849,
F48850,
F48851,
F48852,
F48853,
F48854,
F48855,
F48856,
F48857,
F48858,
F48859,
F48860,
F48861,
F48862,
F48863,
F48864,
F48865,
F48866,
F48867,
F48868,
F48869,
F48870,
F48871,
F48872,
F48873,
F48874,
F48875,
F48876,
F48877,
F48878,
F48879,
F48880,
F48881,
F48882,
F48883,
F48884,
F48885,
F48886,
F48887,
F48888,
F48889,
F48890,
F48891,
F48892,
F48893,
F48894,
F48895,
F48896,
F48897,
F48898,
F48899,
F48900,
F48901,
F48902,
F48903,
F48904,
F48905,
F48906,
F48907,
F48908,
F48909,
F48910,
F48911,
F48912,
F48913,
F48914,
F48915,
F48916,
F48917,
F48918,
F48919,
F48920,
F48921,
F48922,
F48923,
F48924,
F48925,
F48926,
F48927,
F48928,
F48929,
F48930,
F48931,
F48932,
F48933,
F48934,
F48935,
F48936,
F48937,
F48938,
F48939,
F48940,
F48941,
F48942,
F48943,
F48944,
F48945,
F48946,
F48947,
F48948,
F48949,
F48950,
F48951,
F48952,
F48953,
F48954,
F48955,
F48956,
F48957,
F48958,
F48959,
F48960,
F48961,
F48962,
F48963,
F48964,
F48965,
F48966,
F48967,
F48968,
F48969,
F48970,
F48971,
F48972,
F48973,
F48974,
F48975,
F48976,
F48977,
F48978,
F48979,
F48980,
F48981,
F48982,
F48983,
F48984,
F48985,
F48986,
F48987,
F48988,
F48989,
F48990,
F48991,
F48992,
F48993,
F48994,
F48995,
F48996,
F48997,
F48998,
F48999,
F49000,
F49001,
F49002,
F49003,
F49004,
F49005,
F49006,
F49007,
F49008,
F49009,
F49010,
F49011,
F49012,
F49013,
F49014,
F49015,
F49016,
F49017,
F49018,
F49019,
F49020,
F49021,
F49022,
F49023,
F49024,
F49025,
F49026,
F49027,
F49028,
F49029,
F49030,
F49031,
F49032,
F49033,
F49034,
F49035,
F49036,
F49037,
F49038,
F49039,
F49040,
F49041,
F49042,
F49043,
F49044,
F49045,
F49046,
F49047,
F49048,
F49049,
F49050,
F49051,
F49052,
F49053,
F49054,
F49055,
F49056,
F49057,
F49058,
F49059,
F49060,
F49061,
F49062,
F49063,
F49064,
F49065,
F49066,
F49067,
F49068,
F49069,
F49070,
F49071,
F49072,
F49073,
F49074,
F49075,
F49076,
F49077,
F49078,
F49079,
F49080,
F49081,
F49082,
F49083,
F49084,
F49085,
F49086,
F49087,
F49088,
F49089,
F49090,
F49091,
F49092,
F49093,
F49094,
F49095,
F49096,
F49097,
F49098,
F49099,
F49100,
F49101,
F49102,
F49103,
F49104,
F49105,
F49106,
F49107,
F49108,
F49109,
F49110,
F49111,
F49112,
F49113,
F49114,
F49115,
F49116,
F49117,
F49118,
F49119,
F49120,
F49121,
F49122,
F49123,
F49124,
F49125,
F49126,
F49127,
F49128,
F49129,
F49130,
F49131,
F49132,
F49133,
F49134,
F49135,
F49136,
F49137,
F49138,
F49139,
F49140,
F49141,
F49142,
F49143,
F49144,
F49145,
F49146,
F49147,
F49148,
F49149,
F49150,
F49151,
F49152,
F49153,
F49154,
F49155,
F49156,
F49157,
F49158,
F49159,
F49160,
F49161,
F49162,
F49163,
F49164,
F49165,
F49166,
F49167,
F49168,
F49169,
F49170,
F49171,
F49172,
F49173,
F49174,
F49175,
F49176,
F49177,
F49178,
F49179,
F49180,
F49181,
F49182,
F49183,
F49184,
F49185,
F49186,
F49187,
F49188,
F49189,
F49190,
F49191,
F49192,
F49193,
F49194,
F49195,
F49196,
F49197,
F49198,
F49199,
F49200,
F49201,
F49202,
F49203,
F49204,
F49205,
F49206,
F49207,
F49208,
F49209,
F49210,
F49211,
F49212,
F49213,
F49214,
F49215,
F49216,
F49217,
F49218,
F49219,
F49220,
F49221,
F49222,
F49223,
F49224,
F49225,
F49226,
F49227,
F49228,
F49229,
F49230,
F49231,
F49232,
F49233,
F49234,
F49235,
F49236,
F49237,
F49238,
F49239,
F49240,
F49241,
F49242,
F49243,
F49244,
F49245,
F49246,
F49247,
F49248,
F49249,
F49250,
F49251,
F49252,
F49253,
F49254,
F49255,
F49256,
F49257,
F49258,
F49259,
F49260,
F49261,
F49262,
F49263,
F49264,
F49265,
F49266,
F49267,
F49268,
F49269,
F49270,
F49271,
F49272,
F49273,
F49274,
F49275,
F49276,
F49277,
F49278,
F49279,
F49280,
F49281,
F49282,
F49283,
F49284,
F49285,
F49286,
F49287,
F49288,
F49289,
F49290,
F49291,
F49292,
F49293,
F49294,
F49295,
F49296,
F49297,
F49298,
F49299,
F49300,
F49301,
F49302,
F49303,
F49304,
F49305,
F49306,
F49307,
F49308,
F49309,
F49310,
F49311,
F49312,
F49313,
F49314,
F49315,
F49316,
F49317,
F49318,
F49319,
F49320,
F49321,
F49322,
F49323,
F49324,
F49325,
F49326,
F49327,
F49328,
F49329,
F49330,
F49331,
F49332,
F49333,
F49334,
F49335,
F49336,
F49337,
F49338,
F49339,
F49340,
F49341,
F49342,
F49343,
F49344,
F49345,
F49346,
F49347,
F49348,
F49349,
F49350,
F49351,
F49352,
F49353,
F49354,
F49355,
F49356,
F49357,
F49358,
F49359,
F49360,
F49361,
F49362,
F49363,
F49364,
F49365,
F49366,
F49367,
F49368,
F49369,
F49370,
F49371,
F49372,
F49373,
F49374,
F49375,
F49376,
F49377,
F49378,
F49379,
F49380,
F49381,
F49382,
F49383,
F49384,
F49385,
F49386,
F49387,
F49388,
F49389,
F49390,
F49391,
F49392,
F49393,
F49394,
F49395,
F49396,
F49397,
F49398,
F49399,
F49400,
F49401,
F49402,
F49403,
F49404,
F49405,
F49406,
F49407,
F49408,
F49409,
F49410,
F49411,
F49412,
F49413,
F49414,
F49415,
F49416,
F49417,
F49418,
F49419,
F49420,
F49421,
F49422,
F49423,
F49424,
F49425,
F49426,
F49427,
F49428,
F49429,
F49430,
F49431,
F49432,
F49433,
F49434,
F49435,
F49436,
F49437,
F49438,
F49439,
F49440,
F49441,
F49442,
F49443,
F49444,
F49445,
F49446,
F49447,
F49448,
F49449,
F49450,
F49451,
F49452,
F49453,
F49454,
F49455,
F49456,
F49457,
F49458,
F49459,
F49460,
F49461,
F49462,
F49463,
F49464,
F49465,
F49466,
F49467,
F49468,
F49469,
F49470,
F49471,
F49472,
F49473,
F49474,
F49475,
F49476,
F49477,
F49478,
F49479,
F49480,
F49481,
F49482,
F49483,
F49484,
F49485,
F49486,
F49487,
F49488,
F49489,
F49490,
F49491,
F49492,
F49493,
F49494,
F49495,
F49496,
F49497,
F49498,
F49499,
F49500,
F49501,
F49502,
F49503,
F49504,
F49505,
F49506,
F49507,
F49508,
F49509,
F49510,
F49511,
F49512,
F49513,
F49514,
F49515,
F49516,
F49517,
F49518,
F49519,
F49520,
F49521,
F49522,
F49523,
F49524,
F49525,
F49526,
F49527,
F49528,
F49529,
F49530,
F49531,
F49532,
F49533,
F49534,
F49535,
F49536,
F49537,
F49538,
F49539,
F49540,
F49541,
F49542,
F49543,
F49544,
F49545,
F49546,
F49547,
F49548,
F49549,
F49550,
F49551,
F49552,
F49553,
F49554,
F49555,
F49556,
F49557,
F49558,
F49559,
F49560,
F49561,
F49562,
F49563,
F49564,
F49565,
F49566,
F49567,
F49568,
F49569,
F49570,
F49571,
F49572,
F49573,
F49574,
F49575,
F49576,
F49577,
F49578,
F49579,
F49580,
F49581,
F49582,
F49583,
F49584,
F49585,
F49586,
F49587,
F49588,
F49589,
F49590,
F49591,
F49592,
F49593,
F49594,
F49595,
F49596,
F49597,
F49598,
F49599,
F49600,
F49601,
F49602,
F49603,
F49604,
F49605,
F49606,
F49607,
F49608,
F49609,
F49610,
F49611,
F49612,
F49613,
F49614,
F49615,
F49616,
F49617,
F49618,
F49619,
F49620,
F49621,
F49622,
F49623,
F49624,
F49625,
F49626,
F49627,
F49628,
F49629,
F49630,
F49631,
F49632,
F49633,
F49634,
F49635,
F49636,
F49637,
F49638,
F49639,
F49640,
F49641,
F49642,
F49643,
F49644,
F49645,
F49646,
F49647,
F49648,
F49649,
F49650,
F49651,
F49652,
F49653,
F49654,
F49655,
F49656,
F49657,
F49658,
F49659,
F49660,
F49661,
F49662,
F49663,
F49664,
F49665,
F49666,
F49667,
F49668,
F49669,
F49670,
F49671,
F49672,
F49673,
F49674,
F49675,
F49676,
F49677,
F49678,
F49679,
F49680,
F49681,
F49682,
F49683,
F49684,
F49685,
F49686,
F49687,
F49688,
F49689,
F49690,
F49691,
F49692,
F49693,
F49694,
F49695,
F49696,
F49697,
F49698,
F49699,
F49700,
F49701,
F49702,
F49703,
F49704,
F49705,
F49706,
F49707,
F49708,
F49709,
F49710,
F49711,
F49712,
F49713,
F49714,
F49715,
F49716,
F49717,
F49718,
F49719,
F49720,
F49721,
F49722,
F49723,
F49724,
F49725,
F49726,
F49727,
F49728,
F49729,
F49730,
F49731,
F49732,
F49733,
F49734,
F49735,
F49736,
F49737,
F49738,
F49739,
F49740,
F49741,
F49742,
F49743,
F49744,
F49745,
F49746,
F49747,
F49748,
F49749,
F49750,
F49751,
F49752,
F49753,
F49754,
F49755,
F49756,
F49757,
F49758,
F49759,
F49760,
F49761,
F49762,
F49763,
F49764,
F49765,
F49766,
F49767,
F49768,
F49769,
F49770,
F49771,
F49772,
F49773,
F49774,
F49775,
F49776,
F49777,
F49778,
F49779,
F49780,
F49781,
F49782,
F49783,
F49784,
F49785,
F49786,
F49787,
F49788,
F49789,
F49790,
F49791,
F49792,
F49793,
F49794,
F49795,
F49796,
F49797,
F49798,
F49799,
F49800,
F49801,
F49802,
F49803,
F49804,
F49805,
F49806,
F49807,
F49808,
F49809,
F49810,
F49811,
F49812,
F49813,
F49814,
F49815,
F49816,
F49817,
F49818,
F49819,
F49820,
F49821,
F49822,
F49823,
F49824,
F49825,
F49826,
F49827,
F49828,
F49829,
F49830,
F49831,
F49832,
F49833,
F49834,
F49835,
F49836,
F49837,
F49838,
F49839,
F49840,
F49841,
F49842,
F49843,
F49844,
F49845,
F49846,
F49847,
F49848,
F49849,
F49850,
F49851,
F49852,
F49853,
F49854,
F49855,
F49856,
F49857,
F49858,
F49859,
F49860,
F49861,
F49862,
F49863,
F49864,
F49865,
F49866,
F49867,
F49868,
F49869,
F49870,
F49871,
F49872,
F49873,
F49874,
F49875,
F49876,
F49877,
F49878,
F49879,
F49880,
F49881,
F49882,
F49883,
F49884,
F49885,
F49886,
F49887,
F49888,
F49889,
F49890,
F49891,
F49892,
F49893,
F49894,
F49895,
F49896,
F49897,
F49898,
F49899,
F49900,
F49901,
F49902,
F49903,
F49904,
F49905,
F49906,
F49907,
F49908,
F49909,
F49910,
F49911,
F49912,
F49913,
F49914,
F49915,
F49916,
F49917,
F49918,
F49919,
F49920,
F49921,
F49922,
F49923,
F49924,
F49925,
F49926,
F49927,
F49928,
F49929,
F49930,
F49931,
F49932,
F49933,
F49934,
F49935,
F49936,
F49937,
F49938,
F49939,
F49940,
F49941,
F49942,
F49943,
F49944,
F49945,
F49946,
F49947,
F49948,
F49949,
F49950,
F49951,
F49952,
F49953,
F49954,
F49955,
F49956,
F49957,
F49958,
F49959,
F49960,
F49961,
F49962,
F49963,
F49964,
F49965,
F49966,
F49967,
F49968,
F49969,
F49970,
F49971,
F49972,
F49973,
F49974,
F49975,
F49976,
F49977,
F49978,
F49979,
F49980,
F49981,
F49982,
F49983,
F49984,
F49985,
F49986,
F49987,
F49988,
F49989,
F49990,
F49991,
F49992,
F49993,
F49994,
F49995,
F49996,
F49997,
F49998,
F49999,
F50000,
